0:00:16.659050,71,1
0:00:26.731409,143,2
0:00:33.415422,208,3
0:00:33.416491,323,4
0:00:33.418831,436,6
0:00:33.419301,436,6
0:00:33.453819,524,7
0:00:33.808613,630,8
0:00:38.506414,794,9
0:00:39.847245,810,10
0:00:39.881098,825,11
0:00:40.171945,1143,12
0:00:40.199244,1206,13
0:00:40.257025,1305,14
0:00:42.065360,1471,15
0:00:42.487455,1756,16
0:00:45.505574,1932,17
0:00:46.848284,2094,18
0:00:47.253818,2405,19
0:00:47.254749,2512,20
0:00:47.288891,2654,21
0:00:47.319903,2766,22
0:00:48.751058,2861,23
0:00:49.457225,2990,24
0:00:52.228874,3084,25
0:00:53.610554,3180,26
0:00:53.995416,3284,27
0:00:54.088078,3439,28
0:00:54.089053,3488,29
0:00:54.185882,3625,30
0:00:55.736574,3763,31
0:00:59.284483,3925,32
0:01:01.045432,4060,33
0:01:01.206004,4183,34
0:01:02.536713,4253,35
0:01:06.271158,4409,36
0:01:06.666027,4479,37
0:01:07.156418,4549,38
0:01:07.191378,4619,39
0:01:08.224731,4902,40
0:01:08.543515,5179,41
0:01:08.845124,5249,42
0:01:09.777673,5530,43
0:01:13.503726,5815,44
0:01:13.985938,6100,45
0:01:14.520156,6418,46
0:01:14.521734,6660,47
0:01:15.568241,6937,48
0:01:15.972044,7222,49
0:01:16.350837,7504,50
0:01:16.853762,7599,51
0:01:20.232421,7673,52
0:01:20.435504,7701,53
0:01:21.009697,7745,54
0:01:21.010629,7761,55
0:01:22.223041,7795,56
0:01:22.711850,7836,57
0:01:22.955507,7867,58
0:01:23.553929,7903,59
0:01:26.997165,7943,60
0:01:27.108419,7977,61
0:01:27.727070,8014,62
0:01:27.767999,8050,63
0:01:28.921122,8086,64
0:01:29.513935,8119,65
0:01:29.625787,8157,66
0:01:30.246651,8194,67
0:01:33.483670,8225,68
0:01:33.788022,8258,69
0:01:34.437776,8293,70
0:01:34.479257,8336,71
0:01:36.004808,8483,72
0:01:36.507854,8601,73
0:01:36.614864,8714,74
0:01:36.965520,8774,75
0:01:40.432559,8902,76
0:01:40.621533,9008,77
0:01:41.573802,9136,78
0:01:41.575406,9322,79
0:01:43.031248,9492,80
0:01:43.616314,9689,81
0:01:43.893091,9978,82
0:01:44.063024,10144,83
0:01:47.452034,10296,84
0:01:47.644168,10450,85
0:01:48.323088,10554,86
0:01:48.619337,10713,87
0:01:50.026300,10840,88
0:01:50.416360,10934,89
0:01:50.881803,11034,90
0:01:50.928662,11166,91
0:01:54.203573,11270,92
0:01:54.759501,11459,93
0:01:55.379637,11588,94
0:01:55.426458,11693,95
0:01:56.980167,11830,96
0:01:57.419430,11975,97
0:01:57.642483,12076,98
0:01:57.982629,12195,99
0:02:01.533430,12484,100
0:02:01.771298,12645,101
0:02:02.485380,12756,102
0:02:02.540177,12882,103
0:02:03.785317,12992,104
0:02:04.241173,13091,105
0:02:04.452589,13186,106
0:02:04.936452,13301,107
0:02:08.277651,13405,108
0:02:08.561114,13447,109
0:02:09.234804,13500,110
0:02:09.615507,13664,111
0:02:10.527152,13709,112
0:02:11.208546,13765,113
0:02:11.262596,13880,114
0:02:11.760117,13938,115
0:02:15.025927,13981,116
0:02:15.247026,14053,117
0:02:15.934055,14128,118
0:02:16.328014,14181,119
0:02:17.283568,14228,120
0:02:18.039899,14287,121
0:02:18.291890,14516,122
0:02:18.489257,14567,123
0:02:21.899502,14620,124
0:02:22.899152,14666,125
0:02:23.305043,14707,126
0:02:24.157092,14755,127
0:02:24.262283,14803,128
0:02:24.951821,14868,129
0:02:25.145356,14915,130
0:02:25.338335,14957,131
0:02:28.709195,15032,132
0:02:29.717098,15090,133
0:02:30.031476,15135,134
0:02:30.865560,15188,135
0:02:31.268764,15316,136
0:02:31.666538,15422,137
0:02:32.221825,15550,138
0:02:32.463070,15735,139
0:02:35.801476,15856,140
0:02:36.689021,15972,141
0:02:37.410861,16247,142
0:02:37.848529,16446,143
0:02:38.322211,16573,144
0:02:38.664302,16702,145
0:02:39.195778,16934,146
0:02:39.530780,17081,147
0:02:42.812702,17216,148
0:02:44.150331,17504,149
0:02:44.445290,17655,150
0:02:44.900918,17889,151
0:02:45.383545,18018,152
0:02:45.723633,18206,153
0:02:46.304967,18425,155
0:02:46.305079,18425,155
0:02:49.935618,18658,156
0:02:51.110972,18791,157
0:02:51.495537,18966,158
0:02:51.983458,19168,159
0:02:52.453013,19280,160
0:02:52.860929,19432,161
0:02:53.011432,19532,162
0:02:53.324457,19660,163
0:02:57.039334,19770,164
0:02:58.079237,19898,165
0:02:58.559450,20066,166
0:02:59.082453,20301,167
0:02:59.622492,20521,168
0:02:59.926183,20717,169
0:02:59.979271,20851,170
0:03:00.370941,20967,171
0:03:03.742531,21071,172
0:03:04.919824,21169,173
0:03:05.283666,21266,174
0:03:06.048503,21379,175
0:03:06.696549,21534,176
0:03:06.753566,21633,177
0:03:06.893974,21763,178
0:03:07.482032,21894,179
0:03:10.527695,22003,180
0:03:11.876849,22137,181
0:03:12.253115,22267,182
0:03:13.145138,22435,183
0:03:13.783539,22598,184
0:03:13.785236,22735,185
0:03:14.166330,22992,186
0:03:14.260177,23103,187
0:03:17.623115,23225,188
0:03:18.906477,23373,189
0:03:19.536299,23662,190
0:03:20.219948,23816,191
0:03:20.824979,23944,192
0:03:21.163907,24067,193
0:03:21.227571,24233,194
0:03:21.303010,24504,195
0:03:24.616086,24623,196
0:03:25.586531,24670,197
0:03:26.297041,24773,198
0:03:26.966683,24878,199
0:03:27.877049,24944,200
0:03:28.104823,25233,201
0:03:28.145206,25331,202
0:03:28.204685,25453,203
0:03:31.279732,25547,204
0:03:32.386941,25646,205
0:03:33.390012,25812,206
0:03:34.380539,26101,207
0:03:35.285698,26248,208
0:03:35.360943,26351,209
0:03:35.669844,26460,210
0:03:36.064403,26749,211
0:03:38.029676,26851,212
0:03:39.084241,26957,213
0:03:40.139819,27053,214
0:03:41.370583,27179,215
0:03:42.385542,27339,216
0:03:42.386791,27432,217
0:03:42.693294,27542,218
0:03:42.784552,27639,219
0:03:44.780294,27735,220
0:03:46.191705,27889,221
0:03:46.957894,27987,222
0:03:48.188378,28084,223
0:03:49.232931,28231,224
0:03:49.233874,28280,225
0:03:49.535946,28377,226
0:03:49.602721,28476,227
0:03:51.752014,28612,228
0:03:52.916571,28724,229
0:03:53.740991,28833,230
0:03:55.391989,29022,231
0:03:56.174060,29127,232
0:03:56.353804,29259,233
0:03:56.421403,29362,234
0:03:56.452529,29469,235
0:03:58.539463,29563,236
0:04:00.050566,29684,237
0:04:00.954887,29818,238
0:04:03.082429,30136,239
0:04:03.083303,30210,240
0:04:03.517174,30382,241
0:04:03.517932,30464,242
0:04:03.520284,30516,243
0:04:05.572070,30627,244
0:04:06.773974,30730,245
0:04:07.985707,30846,246
0:04:09.818486,30945,247
0:04:09.860803,31049,248
0:04:10.308219,31242,250
0:04:10.309083,31242,250
0:04:10.360641,31349,251
0:04:12.573229,31461,252
0:04:13.568885,31556,253
0:04:14.850507,31649,254
0:04:17.140690,31745,255
0:04:17.473604,31938,256
0:04:17.473860,31946,257
0:04:17.481231,32067,258
0:04:17.854974,32181,259
0:04:19.421413,32281,260
0:04:20.469289,32387,261
0:04:22.099258,32495,262
0:04:24.558759,32591,263
0:04:24.945994,32719,264
0:04:24.946971,32726,265
0:04:25.640257,32826,266
0:04:27.148511,33065,267
0:04:27.712847,33208,268
0:04:29.403214,33490,269
0:04:31.924657,33641,270
0:04:31.925174,33898,271
0:04:32.180912,34175,272
0:04:32.849194,34493,273
0:04:34.360963,34769,274
0:04:34.646042,34871,275
0:04:36.744859,35039,276
0:04:38.629510,35120,277
0:04:38.906233,35166,278
0:04:39.200372,35447,279
0:04:39.804246,35552,280
0:04:41.111614,35605,281
0:04:41.875343,35881,282
0:04:43.449641,35958,283
0:04:45.258100,36004,284
0:04:45.990012,36071,285
0:04:46.151040,36347,286
0:04:46.549864,36414,287
0:04:47.795606,36499,288
0:04:48.589422,36575,289
0:04:50.490290,36785,290
0:04:52.449979,37062,291
0:04:52.639205,37139,292
0:04:53.162537,37265,293
0:04:53.344104,37352,294
0:04:54.537351,37398,295
0:04:55.276045,37465,296
0:04:57.215998,37551,297
0:04:59.166408,37629,298
0:04:59.384913,37675,299
0:05:00.193924,37778,300
0:05:00.653416,38060,301
0:05:01.499463,38159,302
0:05:02.064873,38223,303
0:05:04.003435,38300,304
0:05:05.887151,38384,305
0:05:06.066507,38437,306
0:05:06.926982,38514,307
0:05:07.346950,38582,308
0:05:08.154388,38649,309
0:05:09.069576,38787,310
0:05:11.272128,39106,311
0:05:13.305715,39425,312
0:05:13.378558,39745,313
0:05:14.243952,40066,314
0:05:14.598079,40385,315
0:05:15.258726,40521,316
0:05:16.065127,40747,317
0:05:18.017421,40854,318
0:05:20.306613,41003,319
0:05:20.359455,41235,320
0:05:21.292499,41404,321
0:05:21.861537,41683,322
0:05:22.526890,41964,323
0:05:24.504101,42091,324
0:05:24.937464,42204,325
0:05:27.721263,42535,326
0:05:27.722501,42756,327
0:05:27.978513,42862,328
0:05:28.503542,42940,329
0:05:29.835094,43221,330
0:05:31.646421,43299,331
0:05:31.750139,43580,332
0:05:34.675373,43708,333
0:05:34.711991,43814,334
0:05:34.932687,44093,335
0:05:35.542829,44211,336
0:05:36.603993,44312,337
0:05:38.343597,44377,338
0:05:38.476114,44449,339
0:05:41.694154,44564,340
0:05:41.725860,44711,341
0:05:42.002076,44824,342
0:05:42.203577,44895,343
0:05:43.539968,45008,344
0:05:45.248506,45079,345
0:05:45.377725,45191,346
0:05:48.444667,45257,347
0:05:48.664781,45371,348
0:05:48.701518,45443,349
0:05:48.921844,45544,350
0:05:50.253242,45650,351
0:05:52.327960,45810,352
0:05:52.509707,45982,353
0:05:55.486415,46116,354
0:05:55.636839,46230,355
0:05:55.678835,46365,356
0:05:55.692997,46421,357
0:05:57.012046,46525,358
0:05:59.185211,46587,359
0:05:59.385036,46728,360
0:06:02.395182,46780,361
0:06:02.499641,46891,362
0:06:02.500055,46961,363
0:06:02.501027,47076,364
0:06:03.673882,47152,365
0:06:05.904436,47208,366
0:06:06.511164,47347,367
0:06:09.549006,47514,368
0:06:09.607437,47681,369
0:06:09.685262,47895,370
0:06:09.686232,48015,371
0:06:10.713280,48182,372
0:06:12.962845,48349,373
0:06:13.550309,48516,374
0:06:16.540034,48683,375
0:06:16.730773,48868,376
0:06:16.732203,49103,377
0:06:16.732917,49184,378
0:06:17.769652,49351,379
0:06:20.030404,49518,380
0:06:23.933334,49685,381
0:06:24.187085,49865,382
0:06:24.188551,50019,383
0:06:24.390896,50186,384
0:06:26.348912,50353,385
0:06:28.046853,50520,386
0:06:30.918147,50687,387
0:06:31.206130,50854,388
0:06:31.258842,51021,389
0:06:31.446107,51187,390
0:06:34.334771,51257,391
0:06:35.146639,51424,392
0:06:38.002746,51506,393
0:06:38.003452,51563,394
0:06:38.095827,51634,395
0:06:38.254648,51919,396
0:06:41.053100,51967,397
0:06:42.133849,52077,398
0:06:44.658536,52123,399
0:06:44.776221,52203,400
0:06:44.790338,52288,401
0:06:45.090998,52340,402
0:06:47.728933,52423,403
0:06:49.108790,52545,404
0:06:51.348618,52629,405
0:06:51.488887,52715,406
0:06:51.591306,52761,407
0:06:51.772703,52813,408
0:06:55.115039,53091,409
0:06:58.051251,53186,410
0:06:58.363243,53272,411
0:06:58.507314,53318,412
0:06:58.560778,53439,413
0:07:03.374708,53543,414
0:07:03.375170,53568,415
0:07:10.023310,53623,416
0:07:10.551999,53694,417
0:07:10.952648,53740,418
0:07:11.853595,53830,419
0:07:21.323586,53882,420
0:07:23.414083,53978,421
0:07:27.491551,54056,422
0:07:28.450776,54123,423
0:07:29.260176,54205,424
0:07:29.439979,54286,425
0:07:30.700994,54367,426
0:07:30.868523,54413,427
0:07:34.187054,54466,428
0:07:35.171283,54543,429
0:07:36.062594,54594,430
0:07:36.157880,54678,431
0:07:37.326959,54724,432
0:07:37.859020,54813,433
0:07:40.957489,54859,434
0:07:41.887984,54940,435
0:07:42.861350,55011,436
0:07:42.993689,55107,437
0:07:44.061057,55165,438
0:07:44.531519,55236,439
0:07:47.681943,55282,440
0:07:48.564844,55359,441
0:07:49.690758,55465,442
0:07:49.691248,55482,443
0:07:50.817628,55559,444
0:07:51.278016,55621,445
0:07:55.178081,55907,446
0:07:56.197577,56193,447
0:07:57.216786,56481,448
0:07:57.295146,56768,449
0:07:58.246647,56885,450
0:07:58.423709,57171,451
0:08:04.842601,57337,452
0:08:05.528805,57513,453
0:08:05.730701,57720,454
0:08:05.731890,57838,455
0:08:05.835708,58014,456
0:08:12.171105,58176,457
0:08:12.833511,58339,458
0:08:13.687855,58502,459
0:08:14.008820,58715,460
0:08:14.009935,58828,461
0:08:22.849776,58991,462
0:08:23.553408,59309,463
0:08:25.024895,59472,464
0:08:25.684633,59635,465
0:08:25.904295,59798,466
0:08:27.945819,59961,467
0:08:31.729147,60124,468
0:08:32.088960,60287,469
0:08:33.898529,60450,470
0:08:34.449900,60613,471
0:08:34.796678,60776,472
0:08:36.216051,60939,473
0:08:39.268935,61102,474
0:08:39.618487,61265,475
0:08:41.433616,61428,476
0:08:42.016954,61591,477
0:08:42.258647,61754,478
0:08:43.774217,61917,479
0:08:46.794426,62080,480
0:08:47.274965,62243,481
0:08:49.120602,62406,482
0:08:49.266072,62484,483
0:08:49.606471,62647,484
0:08:50.560758,62716,485
0:08:53.580991,62762,486
0:08:53.944408,62831,487
0:08:55.860374,62878,488
0:08:56.026958,62947,489
0:08:56.745804,63061,490
0:08:58.881654,63350,491
0:09:01.913847,63640,492
0:09:02.633722,63930,493
0:09:04.417651,64290,494
0:09:04.418208,64510,495
0:09:04.980641,64800,496
0:09:07.230402,65090,497
0:09:10.238485,65380,498
0:09:11.346616,65670,499
0:09:13.024693,66003,500
0:09:13.026372,66250,501
0:09:13.638712,66540,502
0:09:15.897941,66830,503
0:09:18.649565,67120,504
0:09:19.697481,67410,505
0:09:21.447863,67700,506
0:09:21.597722,67990,507
0:09:22.124663,68280,508
0:09:24.412727,68570,509
0:09:27.145682,68860,510
0:09:28.090253,69150,511
0:09:29.783338,69440,512
0:09:30.123211,69730,513
0:09:30.694223,70020,514
0:09:33.081591,70310,515
0:09:35.773743,70600,516
0:09:36.695752,70890,517
0:09:38.536487,71180,518
0:09:38.874630,71470,519
0:09:39.277976,71760,520
0:09:41.541143,72050,521
0:09:44.295495,72340,522
0:09:45.130486,72630,523
0:09:46.845597,72920,524
0:09:47.260911,73210,525
0:09:47.641091,73500,526
0:09:50.129629,73790,527
0:09:52.775741,74080,528
0:09:53.575155,74370,529
0:09:55.315283,74660,530
0:09:55.621270,74950,531
0:09:56.033215,75240,532
0:09:58.520732,75530,533
0:10:01.213645,75820,534
0:10:01.914312,76110,535
0:10:03.719169,76400,536
0:10:04.107452,76690,537
0:10:04.362843,76980,538
0:10:07.045653,77270,539
0:10:09.636060,77560,540
0:10:10.177698,77850,541
0:10:12.044564,78140,542
0:10:12.567839,78430,543
0:10:12.682526,78720,544
0:10:15.511194,79010,545
0:10:18.169847,79300,546
0:10:18.541565,79590,547
0:10:20.691776,79880,548
0:10:21.320827,80170,549
0:10:21.563833,80460,550
0:10:30.270450,80750,551
0:10:31.431089,81040,552
0:10:31.655743,81330,553
0:10:32.100169,81620,554
0:10:32.516581,81910,555
0:10:32.651709,82200,556
0:10:40.514553,82490,557
0:10:41.753504,82780,558
0:10:41.946056,83070,559
0:10:42.135990,83360,560
0:10:42.597697,83650,561
0:10:42.832095,83940,562
0:10:50.980150,84230,563
0:10:58.951215,84564,564
0:10:58.952465,84810,565
0:10:59.093431,85100,566
0:10:59.863925,85390,567
0:10:59.961244,85680,568
0:11:07.255214,85970,569
0:11:08.529795,86260,570
0:11:08.817966,86571,571
0:11:08.819201,86840,572
0:11:10.036807,87130,573
0:11:10.121823,87420,574
0:11:16.190075,87710,575
0:11:16.871902,88000,576
0:11:17.352283,88290,577
0:11:17.439058,88580,578
0:11:19.376217,88870,579
0:11:19.622196,89160,580
0:11:25.562797,89450,581
0:11:26.193449,89740,582
0:11:26.440924,90030,583
0:11:26.552936,90320,584
0:11:30.393541,90610,585
0:11:31.633868,90900,586
0:11:41.832794,91189,587
0:11:41.943028,91490,588
0:11:41.943812,91769,589
0:11:42.493857,92059,590
0:11:43.206326,92142,591
0:11:45.559661,92427,592
0:11:58.695564,92473,593
0:12:01.752499,92519,594
0:12:02.061969,92609,595
0:12:04.390701,92714,596
0:12:06.266135,92803,597
0:12:08.519312,92915,598
0:12:14.277953,92961,599
0:12:15.919668,93032,600
0:12:17.453469,93092,601
0:12:35.933375,93138,602
0:12:46.271632,93215,603
0:12:46.367395,93296,604
0:12:48.551435,93393,605
0:12:48.815441,93482,606
0:12:52.400409,93545,607
0:12:55.856151,93591,608
0:12:57.250852,93670,609
0:12:59.013033,93755,610
0:13:02.892924,93825,611
0:13:03.320818,93904,612
0:13:06.332994,93974,613
0:13:08.311351,94116,614
0:13:10.731946,94259,615
0:13:16.501551,94402,616
0:13:16.534909,94545,617
0:13:18.842042,94688,618
0:13:20.884272,94831,619
0:13:22.562027,94974,620
0:13:25.000344,95168,621
0:13:25.001506,95260,622
0:13:26.970530,95403,623
0:13:28.595951,95546,624
0:13:30.268764,95689,625
0:13:32.300012,95832,626
0:13:32.360414,95975,627
0:13:34.221695,96118,628
0:13:36.209557,96261,629
0:13:38.275805,96404,630
0:13:40.191546,96547,631
0:13:40.245510,96690,632
0:13:41.682439,96833,633
0:13:43.592005,96976,634
0:13:45.572820,97119,635
0:13:48.424416,97262,636
0:13:48.555620,97405,637
0:13:49.541903,97548,638
0:13:51.265335,97691,639
0:13:52.844683,97834,640
0:13:56.097238,97977,641
0:13:56.410599,98120,642
0:13:58.715791,98263,643
0:14:00.092815,98406,644
0:14:00.912670,98549,645
0:14:03.357852,98692,646
0:14:03.613972,98835,647
0:14:06.123622,98978,648
0:14:08.162408,99121,649
0:14:09.246466,99264,650
0:14:10.855427,99407,651
0:14:11.097695,99550,652
0:14:13.518923,99693,653
0:14:15.515505,99836,654
0:14:16.928070,99979,655
0:14:19.424199,100122,656
0:14:19.653331,100265,657
0:14:21.223446,100408,658
0:14:23.107695,100551,659
0:14:24.944174,100664,660
0:14:27.372837,100777,661
0:14:27.416319,100890,662
0:14:29.149882,101003,663
0:14:30.495914,101116,664
0:14:32.180109,101229,665
0:14:34.612734,101342,666
0:14:34.655596,101455,667
0:14:36.587126,101568,668
0:14:39.277830,101681,669
0:14:40.527187,101794,670
0:14:41.881178,101907,671
0:14:41.937101,102020,672
0:14:43.869927,102133,673
0:14:46.975396,102246,674
0:14:48.062500,102359,675
0:14:49.421074,102472,676
0:14:49.551412,102585,677
0:14:51.280577,102697,678
0:14:54.692636,102810,679
0:14:56.373889,103087,680
0:14:57.372296,103177,681
0:15:00.434752,103288,682
0:15:03.621055,103378,683
0:15:04.727719,103429,684
0:15:05.626239,103542,685
0:15:06.237783,103644,686
0:15:11.298836,103866,687
0:15:17.632317,103946,688
0:15:20.485585,104000,689
0:15:20.616852,104058,690
0:15:20.835018,104131,691
0:15:23.873244,104207,692
0:15:25.965082,104274,693
0:15:29.400776,104350,694
0:15:29.533749,104433,695
0:15:29.713855,104556,696
0:15:32.023839,104632,697
0:15:35.556707,104812,698
0:15:36.503517,104931,699
0:15:36.504637,105003,700
0:15:36.760031,105099,701
0:15:40.276693,105195,702
0:15:43.389546,105291,703
0:15:44.068727,105386,704
0:15:44.300690,105690,706
0:15:44.300666,105690,706
0:15:48.235463,105796,707
0:15:50.866024,105867,708
0:15:51.280540,105938,709
0:15:51.281640,106037,711
0:15:51.282136,106037,711
0:15:55.051844,106108,712
0:15:58.091765,106154,713
0:15:58.444297,106296,715
0:15:58.444413,106296,715
0:15:58.554595,106367,716
0:16:01.924175,106413,717
0:16:04.791941,106484,718
0:16:05.329288,106564,719
0:16:05.433493,106638,720
0:16:06.370888,106824,721
0:16:09.675748,106895,722
0:16:12.532645,107075,723
0:16:12.668341,107205,724
0:16:12.736754,107334,725
0:16:13.656641,107464,726
0:16:16.880638,107594,727
0:16:21.891106,107724,728
0:16:22.430391,107854,729
0:16:23.056630,107984,730
0:16:24.903316,108114,731
0:16:27.203713,108244,732
0:16:29.357854,108374,733
0:16:29.820504,108504,734
0:16:30.462129,108634,735
0:16:32.363074,108764,736
0:16:34.521406,108894,737
0:16:36.713172,109024,738
0:16:37.204780,109154,739
0:16:37.859963,109284,740
0:16:39.741057,109414,741
0:16:41.845976,109544,742
0:16:43.939394,109674,743
0:16:44.504485,109804,744
0:16:45.137868,109934,745
0:16:46.961260,110064,746
0:16:49.210703,110194,747
0:16:51.303398,110324,748
0:16:51.856842,110454,749
0:16:52.468232,110584,750
0:16:54.266554,110714,751
0:16:56.454728,110844,752
0:16:58.544163,110974,753
0:16:59.219635,111104,754
0:16:59.819757,111234,755
0:17:01.577555,111364,756
0:17:03.816359,111494,757
0:17:05.795373,111624,758
0:17:06.616254,111754,759
0:17:07.141647,111884,760
0:17:08.954102,112014,761
0:17:11.105046,112144,762
0:17:13.098533,112273,763
0:17:14.117533,112361,764
0:17:14.630450,112638,765
0:17:15.913800,112711,766
0:17:17.793448,112763,767
0:17:20.040111,112836,768
0:17:20.832093,112884,769
0:17:21.588559,112961,770
0:17:23.236171,113114,771
0:17:24.826247,113196,772
0:17:26.718521,113252,773
0:17:27.509838,113320,774
0:17:28.285478,113366,775
0:17:29.876707,113433,776
0:17:32.039482,113529,777
0:17:33.821025,113626,778
0:17:34.508618,113723,779
0:17:35.232915,113820,780
0:17:36.858330,113917,781
0:17:38.998568,114014,782
0:17:40.949994,114110,783
0:17:42.569842,114392,784
0:17:42.620697,114500,785
0:17:43.828027,114590,786
0:17:45.706662,114658,787
0:17:47.624861,114704,788
0:17:49.289041,114772,789
0:17:49.375151,114818,790
0:17:50.549092,114886,791
0:17:52.414681,114939,792
0:17:54.559071,115016,793
0:17:56.009316,115067,794
0:17:56.286973,115152,795
0:17:57.238270,115210,796
0:17:59.036092,115278,797
0:18:01.201299,115324,798
0:18:02.914249,115370,799
0:18:03.038837,115453,800
0:18:04.264157,115557,801
0:18:06.048880,115662,802
0:18:08.510742,115767,803
0:18:10.067624,115872,804
0:18:10.128699,115977,805
0:18:11.234777,116082,806
0:18:13.099285,116187,807
0:18:15.511172,116292,808
0:18:17.212900,116414,809
0:18:17.214929,116502,810
0:18:18.679262,116607,811
0:18:20.188671,116712,812
0:18:22.857462,116817,813
0:18:24.532198,116923,814
0:18:24.533673,117026,815
0:18:26.121143,117123,816
0:18:27.382598,117221,817
0:18:29.870837,117319,818
0:18:31.479365,117417,819
0:18:31.521726,117515,820
0:18:33.209013,117613,821
0:18:34.439361,117711,822
0:18:36.908845,117808,823
0:18:38.133685,117875,824
0:18:38.345417,117929,825
0:18:39.886140,117980,826
0:18:41.520108,118056,827
0:18:44.821122,118231,828
0:18:45.635939,118338,829
0:18:45.901425,118446,830
0:18:47.463898,118554,831
0:18:48.572791,118662,832
0:18:52.105775,118770,833
0:18:52.608966,118878,834
0:18:52.864153,118986,835
0:18:54.430538,119094,836
0:18:55.618997,119202,837
0:18:59.106554,119310,838
0:18:59.623141,119418,839
0:19:00.003263,119526,840
0:19:01.429584,119634,841
0:19:02.603672,119742,842
0:19:06.230535,119850,843
0:19:06.571155,119958,844
0:19:07.152073,120066,845
0:19:08.478132,120173,846
0:19:09.934343,120310,847
0:19:13.855792,120448,848
0:19:14.117429,120586,849
0:19:14.468375,120724,850
0:19:15.835119,120862,851
0:19:17.347733,121000,852
0:19:21.134963,121138,853
0:19:21.375173,121276,854
0:19:21.740033,121414,855
0:19:23.079110,121552,856
0:19:24.568864,121690,857
0:19:28.615774,121842,858
0:19:28.617161,121966,859
0:19:29.088033,122104,860
0:19:30.431632,122242,861
0:19:31.998861,122380,862
0:19:37.124197,122539,863
0:19:37.125472,122656,864
0:19:37.321634,122794,865
0:19:37.960963,122932,866
0:19:39.357802,123070,867
0:19:44.316260,123208,868
0:19:44.428916,123346,869
0:19:44.568978,123484,870
0:19:45.212843,123622,871
0:19:46.700417,123760,872
0:19:51.594787,123898,873
0:19:51.671282,124036,874
0:19:51.765363,124174,875
0:19:52.457451,124312,876
0:19:54.027011,124450,877
0:19:58.789265,124588,878
0:19:58.991168,124726,879
0:19:59.016897,124864,880
0:19:59.694669,125002,881
0:20:01.337626,125140,882
0:20:06.074419,125278,883
0:20:06.332883,125416,884
0:20:06.365484,125554,885
0:20:06.893417,125692,886
0:20:08.551028,125830,887
0:20:13.338075,125968,888
0:20:13.596173,126106,889
0:20:13.647351,126244,890
0:20:14.092928,126382,891
0:20:15.866499,126520,892
0:20:20.832296,126658,893
0:20:21.103660,126795,894
0:20:21.864750,126965,895
0:20:24.961512,127103,896
0:20:31.766836,127173,897
0:20:33.904505,127243,898
0:20:34.270831,127313,899
0:20:34.916025,127383,900
0:20:38.044382,127453,901
0:20:44.874838,127523,902
0:20:46.836498,127593,903
0:20:47.372594,127663,904
0:20:48.019269,127733,905
0:20:51.106970,127803,906
0:20:51.313173,127839,907
0:20:53.729164,127875,908
0:20:54.431123,127918,909
0:20:59.941885,128098,910
0:20:59.942616,128126,911
0:21:01.858627,128264,912
0:21:02.732689,128403,913
0:21:04.119470,128473,914
0:21:07.393145,128611,915
0:21:07.463331,128767,916
0:21:09.563170,128957,917
0:21:10.176610,129126,918
0:21:11.602360,129274,919
0:21:14.919001,129434,920
0:21:14.983891,129586,921
0:21:16.795184,129704,922
0:21:17.708485,129874,923
0:21:18.534157,129970,924
0:21:22.223880,130090,925
0:21:22.388052,130248,926
0:21:24.314328,130441,927
0:21:24.683504,130543,928
0:21:25.671627,130657,929
0:21:29.383542,130760,930
0:21:29.839957,130903,931
0:21:31.550313,131034,932
0:21:31.837316,131147,933
0:21:32.973240,131278,934
0:21:36.682881,131397,935
0:21:36.980152,131501,936
0:21:38.749652,131615,937
0:21:38.786138,131694,938
0:21:40.190512,131813,939
0:21:43.599843,131918,940
0:21:44.255646,132053,941
0:21:45.442020,132126,942
0:21:45.977919,132256,943
0:21:47.082271,132350,944
0:21:51.127717,132489,945
0:21:51.739818,132628,946
0:21:52.854666,132768,947
0:21:53.494736,132909,948
0:21:54.554557,133048,949
0:21:57.822702,133114,950
0:21:59.388198,133276,951
0:22:00.363077,133438,952
0:22:00.975126,133600,953
0:22:02.113515,133762,954
0:22:04.778644,133856,955
0:22:06.048742,133902,956
0:22:07.108731,133986,957
0:22:07.691763,134043,958
0:22:09.395372,134150,959
0:22:11.571972,134211,960
0:22:13.209810,134317,961
0:22:13.912048,134369,962
0:22:14.432651,134425,963
0:22:16.928286,134579,964
0:22:19.500316,134759,965
0:22:20.822564,134866,966
0:22:21.952325,134995,967
0:22:21.953116,135173,968
0:22:25.459781,135368,969
0:22:26.303428,135433,970
0:22:28.873185,135526,971
0:22:28.959230,135759,972
0:22:30.067036,135964,973
0:22:33.330115,136145,974
0:22:34.407750,136349,975
0:22:35.540233,136349,976
0:22:35.679494,136410,977
0:22:37.347978,136566,978
0:22:40.146119,136626,979
0:22:42.190515,136833,980
0:22:43.468222,137078,981
0:22:43.487414,137266,982
0:22:44.073194,137321,983
0:22:47.137576,137385,984
0:22:49.788065,137556,985
0:22:50.351224,137604,986
0:22:50.517663,137604,987
0:22:50.694157,137604,988
0:22:54.953149,137808,989
0:22:56.491871,137859,990
0:22:57.141873,137905,991
0:22:57.362191,137955,992
0:22:58.057811,138148,993
0:23:01.598599,138196,994
0:23:03.166708,138245,995
0:23:10.127947,138315,996
0:23:10.424178,138385,997
0:23:11.150038,138455,998
0:23:14.726866,138525,999
0:23:16.206778,138595,1000
0:23:23.169943,138665,1001
0:23:23.465275,138735,1002
0:23:24.137901,138805,1003
0:23:27.867384,138875,1004
0:23:29.292877,138945,1005
0:23:36.227852,139015,1006
0:23:36.545478,139085,1007
0:23:37.160448,139155,1008
0:23:40.926424,139225,1009
0:23:42.397975,139295,1010
0:23:49.253234,139365,1011
0:23:49.573152,139435,1012
0:23:50.390433,139505,1013
0:23:54.015999,139575,1014
0:23:55.483342,139645,1015
0:23:57.188518,139862,1016
0:23:57.678009,140095,1017
0:23:58.286656,140318,1018
0:24:02.319746,140553,1019
0:24:02.798791,140682,1020
0:24:04.944589,140891,1021
0:24:05.554884,141114,1022
0:24:06.040854,141338,1023
0:24:09.309993,141435,1024
0:24:10.171278,141558,1025
0:24:12.272535,141681,1026
0:24:12.867753,141804,1027
0:24:13.279640,141927,1028
0:24:16.634150,141927,1029
0:24:16.836731,141973,1030
0:24:19.564339,142018,1031
0:24:23.591638,142063,1032
0:24:23.787004,142063,1033
0:24:26.415762,142108,1034
0:24:27.039841,142108,1035
0:24:30.447619,142108,1036
0:24:30.822130,142108,1037
0:24:34.529087,142108,1038
0:24:39.498568,142178,1039
0:24:40.215981,142248,1040
0:24:43.655396,142248,1041
0:24:43.837913,142248,1042
0:24:47.692714,142248,1043
0:24:52.575671,142318,1044
0:24:53.296147,142388,1045
0:24:56.799197,142573,1046
0:24:56.999292,142573,1047
0:25:00.771203,142573,1048
0:25:05.591043,142643,1049
0:25:06.279541,142713,1050
0:25:10.053992,142713,1051
0:25:10.148460,142783,1052
0:25:13.918141,142783,1053
0:25:18.706337,142853,1054
0:25:19.498866,142923,1055
0:25:23.003256,142923,1056
0:25:23.196106,142993,1057
0:25:25.710049,143138,1058
0:25:26.421270,143280,1059
0:25:26.977245,143280,1060
0:25:30.006805,143280,1061
0:25:30.265021,143450,1062
0:25:32.836376,143651,1063
0:25:33.460676,143843,1064
0:25:33.967622,143843,1065
0:25:36.974634,143843,1066
0:25:37.305013,143965,1067
0:25:39.843606,144082,1068
0:25:40.510477,144273,1069
0:25:41.248373,144273,1070
0:25:44.041237,144273,1071
0:25:44.300199,144430,1072
0:25:46.757932,144587,1073
0:25:47.249410,144695,1074
0:25:48.179676,144695,1075
0:25:50.707960,144695,1076
0:25:50.912128,144773,1077
0:25:53.470584,144820,1078
0:25:53.931381,144898,1079
0:25:54.984423,144898,1080
0:25:57.374493,144898,1081
0:25:57.580060,144961,1082
0:26:00.197938,145036,1083
0:26:00.620963,145082,1084
0:26:02.027512,145082,1085
0:26:04.183223,145082,1086
0:26:04.512202,145171,1087
0:26:07.403814,145305,1089
0:26:07.403857,145305,1089
0:26:08.892155,145305,1090
0:26:11.156378,145305,1091
0:26:11.512363,145353,1092
0:26:14.222972,145422,1093
0:26:14.256048,145479,1094
0:26:15.597698,145479,1095
0:26:18.142645,145479,1096
0:26:18.215433,145532,1097
0:26:21.363059,145603,1098
0:26:21.637372,145684,1099
0:26:25.486275,146762,1100
0:26:28.101674,146837,1101
0:26:28.354898,146912,1102
0:26:28.566485,146912,1103
0:26:32.247283,146960,1104
0:26:34.919146,147035,1105
0:26:35.113629,147086,1106
0:26:35.439429,148420,1107
0:26:38.924297,148495,1108
0:26:41.662142,148541,1109
0:26:41.724888,148622,1110
0:26:42.132472,148678,1111
0:26:45.648566,148756,1112
0:26:48.367427,148825,1113
0:26:48.417258,148871,1114
0:26:48.811908,148917,1115
0:26:52.369999,148993,1116
0:26:55.080523,149039,1117
0:26:55.194160,149096,1118
0:26:55.459797,149172,1119
0:26:58.991298,149239,1120
0:27:01.779474,149285,1121
0:27:01.865920,149353,1122
0:27:02.145653,149399,1123
0:27:05.734658,149477,1124
0:27:08.623449,149531,1125
0:27:09.344262,149616,1126
0:27:09.756147,149662,1127
0:27:12.901705,149749,1128
0:27:17.614069,149862,1129
0:27:17.616175,149919,1130
0:27:17.868744,150005,1131
0:27:19.764511,150075,1132
0:27:24.514690,150126,1133
0:27:24.638236,150194,1134
0:27:24.733820,150289,1135
0:27:26.804169,150403,1136
0:27:31.214553,150470,1137
0:27:31.318428,150516,1138
0:27:31.421648,150593,1139
0:27:33.599800,150639,1140
0:27:37.937785,150712,1141
0:27:38.077145,150761,1142
0:27:38.298250,150834,1143
0:27:40.432460,150918,1144
0:27:44.613059,150985,1145
0:27:44.885844,151060,1146
0:27:45.159614,151128,1147
0:27:47.301979,151249,1148
0:27:51.323606,151316,1149
0:27:51.811148,151383,1150
0:27:51.862928,151526,1151
0:27:54.082097,151573,1152
0:27:58.039397,151647,1153
0:27:58.461396,151694,1154
0:27:58.575634,151770,1155
0:28:00.777817,151824,1156
0:28:04.725481,151900,1157
0:28:05.352617,151990,1158
0:28:05.354066,152026,1159
0:28:07.437874,152093,1160
0:28:11.489383,152173,1161
0:28:12.092758,152317,1162
0:28:12.093219,152340,1163
0:28:14.155178,152414,1164
0:28:18.288130,152481,1165
0:28:19.115935,152569,1166
0:28:19.117160,152606,1167
0:28:21.237194,152666,1168
0:28:25.276044,152739,1169
0:28:26.043248,152833,1170
0:28:26.044207,152882,1171
0:28:28.632745,153160,1172
0:28:32.645701,153437,1173
0:28:32.903249,153517,1174
0:28:32.924000,153565,1175
0:28:35.544627,153672,1176
0:28:39.879579,153779,1177
0:28:39.938133,153878,1178
0:28:40.013262,154030,1179
0:28:42.273858,154106,1180
0:28:46.574088,154164,1181
0:28:46.684282,154238,1182
0:28:46.715913,154323,1183
0:28:49.039684,154408,1184
0:28:53.261622,154484,1185
0:28:53.347861,154590,1186
0:28:53.397854,154663,1187
0:28:55.820702,154761,1188
0:28:59.912001,154828,1189
0:29:00.036777,154910,1190
0:29:00.087793,154956,1191
0:29:02.552373,155023,1192
0:29:06.972073,155164,1193
0:29:06.973247,155243,1194
0:29:07.104214,155352,1195
0:29:09.316799,155425,1196
0:29:13.634872,155504,1197
0:29:13.695709,155586,1198
0:29:13.791355,155673,1199
0:29:15.983047,155755,1200
0:29:20.396136,155834,1201
0:29:20.397866,155884,1202
0:29:20.491703,155958,1203
0:29:22.914666,156060,1204
0:29:27.055055,156218,1205
0:29:27.055528,156221,1206
0:29:27.312932,156312,1207
0:29:29.655862,156392,1208
0:29:33.748244,156461,1209
0:29:33.831712,156560,1210
0:29:33.977178,156633,1211
0:29:36.294056,156725,1212
0:29:40.390084,156795,1213
0:29:40.666004,156898,1214
0:29:40.666836,156924,1215
0:29:43.000019,156970,1216
0:29:47.368772,157052,1217
0:29:47.522351,157129,1218
0:29:47.794680,157301,1219
0:29:50.220280,157583,1220
0:29:55.003659,157865,1221
0:29:55.299793,158148,1222
0:29:56.221973,158432,1223
0:29:58.466349,158714,1224
0:30:01.754240,158813,1225
0:30:02.296737,158896,1226
0:30:03.062453,158970,1227
0:30:05.344583,159057,1228
0:30:08.483409,159103,1229
0:30:08.977935,159186,1230
0:30:09.894537,159232,1231
0:30:12.065545,159309,1232
0:30:15.195319,159380,1233
0:30:15.710428,159446,1234
0:30:16.658093,159529,1235
0:30:19.091463,159703,1236
0:30:25.359074,159783,1237
0:30:26.883898,159834,1238
0:30:27.697461,159917,1239
0:30:30.744303,159983,1240
0:30:32.091103,160055,1241
0:30:34.450858,160108,1242
0:30:37.516239,160180,1243
0:30:38.758245,160252,1244
0:30:38.788101,160340,1245
0:30:41.117543,160412,1246
0:30:44.544683,160489,1247
0:30:45.435634,160561,1248
0:30:45.503593,160607,1249
0:30:47.818150,160679,1250
0:30:51.226822,160751,1251
0:30:52.103962,160823,1252
0:30:52.148283,160895,1253
0:30:54.461294,160967,1254
0:30:57.937582,161039,1255
0:30:58.812777,161111,1256
0:30:59.166711,161194,1257
0:31:01.244100,161240,1258
0:31:04.841639,161312,1259
0:31:05.464395,161379,1260
0:31:05.791146,161450,1261
0:31:08.545855,161587,1262
0:31:11.554320,161658,1263
0:31:12.500338,161761,1264
0:31:14.108497,162047,1265
0:31:16.971817,162333,1266
0:31:19.739825,162620,1267
0:31:20.845887,162908,1268
0:31:22.428407,163194,1269
0:31:25.190490,163479,1270
0:31:27.544658,163650,1271
0:31:28.467301,163754,1272
0:31:30.289597,163884,1273
0:31:32.208483,163966,1274
0:31:34.741664,164044,1275
0:31:35.219665,164090,1276
0:31:37.028538,164159,1277
0:31:38.949980,164209,1278
0:31:42.177637,164314,1279
0:31:43.124441,164419,1280
0:31:44.009355,164497,1281
0:31:45.783741,164543,1282
0:31:49.187212,164629,1283
0:31:49.756632,164698,1284
0:31:50.680404,164758,1285
0:31:52.432941,164827,1286
0:31:55.892248,164873,1287
0:31:56.889295,164954,1288
0:31:57.395521,165018,1289
0:31:59.071161,165087,1290
0:32:03.470817,165255,1291
0:32:03.829185,165333,1292
0:32:04.947672,165487,1293
0:32:05.977867,165565,1294
0:32:10.125782,165611,1295
0:32:10.744357,165686,1296
0:32:11.608180,165756,1297
0:32:12.580173,165802,1298
0:32:16.865896,165871,1299
0:32:17.671444,165946,1300
0:32:18.320801,165992,1301
0:32:19.490188,166070,1302
0:32:24.410519,166123,1303
0:32:24.845017,166198,1304
0:32:25.231574,166244,1305
0:32:26.343836,166313,1306
0:32:31.181150,166359,1307
0:32:31.784011,166437,1308
0:32:31.866022,166507,1309
0:32:32.960704,166553,1310
0:32:38.087426,166628,1311
0:32:38.412587,166676,1312
0:32:39.875105,166976,1313
0:32:39.875703,167027,1314
0:32:44.847230,167073,1315
0:32:45.395471,167149,1316
0:32:46.588463,167195,1317
0:32:47.034003,167298,1318
0:32:51.508874,167345,1319
0:32:52.080861,167412,1320
0:32:53.254529,167458,1321
0:32:53.983372,167531,1322
0:32:58.186586,167577,1323
0:32:59.225764,167666,1324
0:32:59.870555,167722,1325
0:33:00.964843,167795,1326
0:33:04.903854,167841,1327
0:33:06.133963,167918,1328
0:33:07.364688,168088,1329
0:33:08.028352,168161,1330
0:33:12.052724,168235,1331
0:33:12.858671,168292,1332
0:33:13.989034,168359,1333
0:33:14.671922,168406,1334
0:33:19.070770,168479,1335
0:33:19.556788,168526,1336
0:33:20.963264,168611,1337
0:33:21.352033,168658,1338
0:33:25.816012,168725,1339
0:33:26.282541,168772,1340
0:33:27.650037,168839,1341
0:33:28.046119,168886,1342
0:33:32.548883,168953,1343
0:33:32.987597,169003,1344
0:33:34.339228,169070,1345
0:33:34.762613,169122,1346
0:33:39.495049,169195,1347
0:33:39.999076,169260,1348
0:33:41.488935,169339,1349
0:33:41.949868,169439,1350
0:33:46.108379,169506,1351
0:33:47.829040,169708,1352
0:33:48.494290,169783,1353
0:33:48.974354,169856,1354
0:33:52.871996,169923,1355
0:33:54.505235,169970,1356
0:33:55.488245,170043,1357
0:33:55.727201,170111,1358
0:33:59.492646,170157,1359
0:34:01.238452,170224,1360
0:34:02.082430,170271,1361
0:34:02.420578,170338,1362
0:34:06.429042,170414,1363
0:34:08.172727,170490,1364
0:34:08.951675,170537,1365
0:34:09.321578,170614,1366
0:34:13.091897,170661,1367
0:34:16.155156,170939,1368
0:34:16.425816,171097,1369
0:34:16.567470,171177,1370
0:34:19.781714,171230,1371
0:34:23.306864,171310,1372
0:34:23.710323,171391,1373
0:34:23.736893,171478,1374
0:34:26.667590,171524,1375
0:34:30.200023,171604,1376
0:34:30.406095,171663,1377
0:34:33.317972,171734,1378
0:34:35.480068,171805,1379
0:34:37.142339,171876,1380
0:34:37.231392,171956,1381
0:34:40.347163,172030,1382
0:34:42.205575,172076,1383
0:34:44.186756,172159,1384
0:34:44.383932,172268,1385
0:34:47.312315,172345,1386
0:34:49.220939,172423,1387
0:34:51.220018,172500,1388
0:34:51.294120,172561,1389
0:34:53.986314,172632,1390
0:34:55.885032,172678,1391
0:34:57.916017,172749,1392
0:34:57.968818,172795,1393
0:35:00.991914,172876,1394
0:35:02.893765,172963,1395
0:35:04.702493,173009,1396
0:35:04.852248,173089,1397
0:35:08.055529,173166,1398
0:35:09.569683,173219,1399
0:35:11.587768,173307,1400
0:35:11.608078,173359,1401
0:35:14.981356,173439,1402
0:35:16.310142,173492,1403
0:35:18.279660,173538,1404
0:35:18.553868,173618,1405
0:35:21.996763,173695,1406
0:35:23.049897,173741,1407
0:35:26.396302,174027,1408
0:35:26.585327,174313,1409
0:35:30.374782,174600,1410
0:35:31.394925,174888,1411
0:35:34.403696,175096,1412
0:35:34.699880,175382,1413
0:35:38.469016,175457,1414
0:35:41.093574,175508,1415
0:35:41.759523,175585,1416
0:35:43.440097,175655,1417
0:35:45.172936,175701,1418
0:35:48.015528,175784,1419
0:35:48.409814,175830,1420
0:35:50.512984,175907,1421
0:35:52.115761,175981,1422
0:35:54.652322,176032,1423
0:35:55.202156,176100,1424
0:35:57.174915,176146,1425
0:35:59.147687,176223,1426
0:36:01.418588,176269,1427
0:36:02.193314,176337,1428
0:36:03.837914,176383,1429
0:36:05.829245,176451,1430
0:36:08.140412,176497,1431
0:36:08.806683,176565,1432
0:36:10.732204,176646,1433
0:36:12.519695,176700,1434
0:36:15.118044,176783,1435
0:36:15.787846,176874,1436
0:36:17.459094,176942,1437
0:36:19.165234,177003,1438
0:36:21.877555,177071,1439
0:36:22.724849,177154,1440
0:36:24.701249,177232,1441
0:36:26.055584,177278,1442
0:36:28.874383,177370,1443
0:36:29.634283,177452,1444
0:36:31.614210,177533,1445
0:36:32.730141,177594,1446
0:36:36.013409,177671,1447
0:36:37.424607,177878,1448
0:36:38.611333,177955,1449
0:36:39.609251,178033,1450
0:36:42.663755,178079,1451
0:36:45.437938,178362,1452
0:36:46.775462,178645,1453
0:36:47.779034,178929,1454
0:36:50.839750,179214,1455
0:36:53.934022,179497,1456
0:36:54.541775,179695,1457
0:36:56.359377,179832,1458
0:36:57.796865,179927,1459
0:37:00.988287,180023,1460
0:37:01.554745,180119,1461
0:37:03.392271,180215,1462
0:37:04.885690,180311,1463
0:37:07.970326,180407,1464
0:37:08.515014,180503,1465
0:37:10.356073,180599,1466
0:37:11.925236,180695,1467
0:37:14.968116,180791,1468
0:37:15.516317,180887,1469
0:37:17.306282,180983,1470
0:37:18.995416,181079,1471
0:37:21.926304,181175,1472
0:37:22.540747,181271,1473
0:37:24.317877,181367,1474
0:37:25.961555,181463,1475
0:37:28.907981,181559,1476
0:37:29.498208,181655,1477
0:37:31.324567,181751,1478
0:37:33.018853,181847,1479
0:37:35.975596,181943,1480
0:37:36.435232,182039,1481
0:37:38.339260,182135,1482
0:37:39.984384,182231,1483
0:37:42.946067,182327,1484
0:37:43.425514,182423,1485
0:37:45.424207,182519,1486
0:37:46.904316,182615,1487
0:37:49.924087,182711,1488
0:37:50.451690,182807,1489
0:37:52.406361,182903,1490
0:37:53.856016,182999,1491
0:37:56.891039,183095,1492
0:37:57.412941,183191,1493
0:37:59.426971,183287,1494
0:38:00.811822,183383,1495
0:38:03.946986,183479,1496
0:38:04.397987,183575,1497
0:38:06.410687,183671,1498
0:38:07.912885,183767,1499
0:38:10.911544,183863,1500
0:38:11.337356,183959,1501
0:38:13.302511,184055,1502
0:38:14.934957,184151,1503
0:38:17.911727,184247,1504
0:38:18.272051,184343,1505
0:38:20.606177,184438,1506
0:38:22.869315,184531,1507
0:38:24.911600,184559,1508
0:38:25.205316,184627,1509
0:38:27.187523,184655,1510
0:38:29.490726,184726,1511
0:38:31.583699,184797,1512
0:38:31.960555,184864,1513
0:38:33.648711,184894,1514
0:38:35.935020,184925,1515
0:38:38.065435,184956,1516
0:38:38.383425,184986,1517
0:38:40.102756,185016,1518
0:38:42.350506,185047,1519
0:38:44.562490,185078,1520
0:38:44.869755,185108,1521
0:38:46.976455,185142,1522
0:38:49.071546,185177,1523
0:38:51.395419,185212,1524
0:38:51.644923,185247,1525
0:38:53.849578,185282,1526
0:38:55.751434,185317,1527
0:38:58.079709,185352,1528
0:38:58.344922,185386,1529
0:39:00.538438,185427,1530
0:39:02.449828,185469,1531
0:39:04.872188,185511,1532
0:39:05.068520,185553,1533
0:39:07.233207,185595,1534
0:39:09.149791,185637,1535
0:39:11.531097,185679,1536
0:39:11.814821,185721,1537
0:39:14.024772,185763,1538
0:39:15.814946,185805,1539
0:39:18.247826,185847,1540
0:39:18.503239,185889,1541
0:39:20.729855,185931,1542
0:39:22.498423,185973,1543
0:39:24.984694,186045,1545
0:39:24.984756,186045,1545
0:39:27.135319,186077,1546
0:39:28.935895,186109,1547
0:39:31.403046,186141,1548
0:39:31.432284,186172,1549
0:39:33.930697,186208,1550
0:39:35.826331,186245,1551
0:39:38.069695,186282,1552
0:39:38.147553,186319,1553
0:39:40.583741,186356,1554
0:39:42.531643,186393,1555
0:39:44.745776,186430,1556
0:39:44.839102,186467,1557
0:39:47.336328,186504,1558
0:39:49.268763,186540,1559
0:39:51.541915,186580,1560
0:39:51.582029,186621,1561
0:39:54.028421,186662,1562
0:39:56.001340,186703,1563
0:39:58.194796,186744,1564
0:39:58.260612,186785,1565
0:40:00.717310,186826,1566
0:40:02.721807,186867,1567
0:40:04.957534,186908,1568
0:40:04.992204,186949,1569
0:40:07.491794,186990,1570
0:40:09.395357,187031,1571
0:40:11.644242,187072,1572
0:40:11.741153,187112,1573
0:40:14.305002,187146,1574
0:40:16.168053,187181,1575
0:40:18.356333,187216,1576
0:40:18.427671,187251,1577
0:40:21.097599,187286,1578
0:40:23.124360,187321,1579
0:40:25.182747,187356,1580
0:40:25.389896,187390,1581
0:40:28.022403,187427,1582
0:40:29.837706,187465,1583
0:40:32.164449,187503,1584
0:40:32.313323,187541,1585
0:40:34.819964,187579,1586
0:40:36.583286,187617,1587
0:40:38.908369,187655,1588
0:40:39.057166,187693,1589
0:40:41.523315,187731,1590
0:40:43.324973,187769,1591
0:40:45.560834,187806,1592
0:40:45.694939,187842,1593
0:40:48.165600,187879,1594
0:40:49.993795,187916,1595
0:40:52.272868,187953,1596
0:40:52.465830,187990,1597
0:40:54.919368,188027,1598
0:40:56.618778,188064,1599
0:40:58.954693,188101,1600
0:40:59.261071,188138,1601
0:41:01.623389,188174,1602
0:41:03.416754,188210,1603
0:41:05.608772,188247,1604
0:41:05.940998,188284,1605
0:41:08.342824,188321,1606
0:41:10.277278,188358,1607
0:41:12.354798,188395,1608
0:41:12.702334,188432,1609
0:41:15.129077,188469,1610
0:41:17.145615,188507,1611
0:41:19.019338,188545,1612
0:41:19.396246,188583,1613
0:41:21.944753,188621,1614
0:41:23.908843,188659,1615
0:41:25.782247,188697,1616
0:41:26.071201,188735,1617
0:41:28.672919,188773,1618
0:41:30.588760,188811,1619
0:41:32.494895,188848,1620
0:41:32.533783,188879,1621
0:41:35.200378,188911,1622
0:41:37.072995,188943,1623
0:41:38.945096,188975,1624
0:41:38.993510,189006,1625
0:41:41.932960,189039,1626
0:41:43.771981,189073,1627
0:41:45.637179,189107,1628
0:41:45.739969,189141,1629
0:41:48.591861,189175,1630
0:41:50.465751,189209,1631
0:41:52.378697,189242,1632
0:41:52.551182,189277,1633
0:41:55.372996,189313,1634
0:41:57.169768,189349,1635
0:41:59.081878,189385,1636
0:41:59.220665,189421,1637
0:42:02.025791,189457,1638
0:42:03.887731,189493,1639
0:42:05.854000,189529,1640
0:42:05.956763,189564,1641
0:42:08.781853,189607,1642
0:42:10.644259,189651,1643
0:42:12.597873,189695,1644
0:42:12.635706,189739,1645
0:42:15.438701,189783,1646
0:42:17.328607,189827,1647
0:42:19.289264,189871,1648
0:42:19.331816,189915,1649
0:42:22.325958,189959,1650
0:42:24.169585,190003,1651
0:42:26.148855,190047,1652
0:42:26.176142,190091,1653
0:42:29.081535,190135,1654
0:42:30.839564,190179,1655
0:42:32.841681,190223,1656
0:42:32.854773,190267,1657
0:42:35.879114,190310,1658
0:42:38.257098,190457,1659
0:42:40.101859,190753,1661
0:42:40.101898,190753,1661
0:42:43.162038,190901,1662
0:42:45.494835,191049,1663
0:42:47.312473,191197,1664
0:42:47.513407,191345,1665
0:42:50.689814,191493,1666
0:42:52.858310,191641,1667
0:42:54.700341,191789,1668
0:42:55.014368,191937,1669
0:42:57.976848,192085,1670
0:43:00.073498,192233,1671
0:43:02.026081,192381,1672
0:43:02.253685,192529,1673
0:43:05.275086,192677,1674
0:43:07.278416,192825,1675
0:43:09.340033,192973,1676
0:43:09.582811,193121,1677
0:43:12.551780,193269,1678
0:43:14.697887,193417,1679
0:43:16.755784,193565,1680
0:43:17.184839,193683,1681
0:43:19.730742,193802,1682
0:43:23.084053,193921,1683
0:43:24.019463,194040,1684
0:43:24.455000,194159,1685
0:43:27.016560,194278,1686
0:43:30.382990,194397,1687
0:43:31.252463,194516,1688
0:43:31.684933,194635,1689
0:43:34.208270,194754,1690
0:43:37.613259,194873,1691
0:43:38.469845,194992,1692
0:43:38.947455,195111,1693
0:43:41.434652,195230,1694
0:43:44.933634,195349,1695
0:43:45.740928,195468,1696
0:43:46.157732,195587,1697
0:43:48.847619,195706,1698
0:43:52.276219,195825,1699
0:43:53.074065,195944,1700
0:43:53.444827,196063,1701
0:43:56.183041,196182,1702
0:43:59.486062,196301,1703
0:44:00.360351,196420,1704
0:44:00.658908,196539,1705
0:44:03.441890,196658,1706
0:44:06.770747,196777,1707
0:44:07.720301,196896,1708
0:44:07.952396,197014,1709
0:44:11.559969,197295,1710
0:44:14.204477,197408,1711
0:44:14.948706,197522,1712
0:44:15.211506,197636,1713
0:44:18.887080,197750,1714
0:44:22.310339,197864,1715
0:44:22.575020,197978,1716
0:44:22.773027,198092,1717
0:44:26.382759,198206,1718
0:44:29.611566,198320,1719
0:44:29.825389,198434,1720
0:44:30.167168,198548,1721
0:44:33.617958,198662,1722
0:44:36.900544,198776,1723
0:44:37.174571,198890,1724
0:44:37.428556,199004,1725
0:44:40.941474,199118,1726
0:44:44.137793,199232,1727
0:44:44.404537,199346,1728
0:44:44.660938,199460,1729
0:44:48.207553,199574,1730
0:44:51.482525,199688,1731
0:44:51.703053,199802,1732
0:44:51.955072,199916,1733
0:44:55.482970,200029,1734
0:44:58.415760,200137,1735
0:44:58.416691,200150,1736
0:44:58.639519,200211,1737
0:45:02.229020,200272,1738
0:45:05.147238,200356,1739
0:45:05.148152,200394,1740
0:45:05.439224,200455,1741
0:45:09.021275,200516,1742
0:45:11.785032,200577,1743
0:45:11.808182,200638,1744
0:45:12.159943,200699,1745
0:45:15.771377,200760,1746
0:45:18.508152,200821,1747
0:45:18.532024,200882,1748
0:45:18.889572,200943,1749
0:45:22.483004,201004,1750
0:45:25.240026,201065,1751
0:45:25.351348,201126,1752
0:45:25.684488,201187,1753
0:45:29.163783,201247,1754
0:45:32.249979,201333,1755
0:45:32.264930,201419,1756
0:45:32.606332,201493,1757
0:45:35.930236,201540,1758
0:45:39.218252,201617,1759
0:45:39.567040,201707,1760
0:45:39.567980,201834,1761
0:45:43.438084,201962,1762
0:45:46.469306,202091,1763
0:45:46.897742,202238,1764
0:45:46.898924,202349,1765
0:45:50.758141,202478,1766
0:45:53.713317,202607,1767
0:45:54.142003,202736,1768
0:45:54.187695,202865,1769
0:45:58.000419,202994,1770
0:46:01.039253,203123,1771
0:46:01.346835,203252,1772
0:46:01.483689,203381,1773
0:46:05.242442,203510,1774
0:46:08.323030,203639,1775
0:46:08.586134,203768,1776
0:46:08.923638,203897,1777
0:46:12.568510,204026,1778
0:46:15.639794,204155,1779
0:46:15.762849,204284,1780
0:46:16.143434,204413,1781
0:46:19.818883,204542,1782
0:46:23.205137,204671,1783
0:46:23.399093,204800,1784
0:46:23.593340,204929,1785
0:46:27.288359,205058,1786
0:46:30.481090,205187,1787
0:46:30.706756,205316,1788
0:46:30.851688,205445,1789
0:46:34.501598,205574,1790
0:46:37.753327,205703,1791
0:46:38.027863,205832,1792
0:46:38.177180,205961,1793
0:46:41.748688,206090,1794
0:46:45.005615,206219,1795
0:46:45.252632,206348,1796
0:46:45.407123,206477,1797
0:46:49.072027,206606,1798
0:46:52.312180,206735,1799
0:46:52.502309,206863,1800
0:46:52.571594,206969,1801
0:46:56.343894,207076,1802
0:46:59.284837,207183,1803
0:46:59.536772,207290,1804
0:46:59.589260,207397,1805
0:47:05.131755,207504,1806
0:47:06.294353,207611,1807
0:47:06.588426,207718,1808
0:47:06.589823,207825,1809
0:47:12.209352,207932,1810
0:47:13.393060,208039,1811
0:47:13.681678,208211,1812
0:47:13.682653,208253,1813
0:47:19.216717,208360,1814
0:47:20.426528,208467,1815
0:47:20.737302,208573,1816
0:47:20.774824,208680,1817
0:47:26.635650,208804,1818
0:47:27.662069,208929,1819
0:47:28.080622,209111,1820
0:47:28.081723,209179,1821
0:47:33.905734,209304,1822
0:47:35.025745,209429,1823
0:47:35.384802,209554,1824
0:47:35.414897,209679,1825
0:47:41.151588,209804,1826
0:47:42.221064,209929,1827
0:47:42.633236,210054,1828
0:47:42.679315,210179,1829
0:47:48.354026,210304,1830
0:47:49.494965,210429,1831
0:47:49.857042,210554,1832
0:47:49.902010,210679,1833
0:47:55.705291,210804,1834
0:47:56.740027,210929,1835
0:47:57.138427,211054,1836
0:47:57.173666,211179,1837
0:48:02.964621,211304,1838
0:48:03.921331,211429,1839
0:48:04.346694,211554,1840
0:48:04.496053,211679,1841
0:48:10.391840,211804,1842
0:48:11.291487,211929,1843
0:48:11.542537,212054,1844
0:48:11.710707,212179,1845
0:48:17.589580,212304,1846
0:48:18.693965,212429,1847
0:48:18.795983,212554,1848
0:48:19.046407,212679,1849
0:48:25.141646,212804,1850
0:48:26.086687,212929,1851
0:48:26.332403,213053,1852
0:48:26.393800,213188,1853
0:48:32.404870,213323,1854
0:48:32.770549,213391,1855
0:48:33.074069,213437,1856
0:48:33.105702,213506,1857
0:48:40.985791,213697,1858
0:48:41.067798,213888,1859
0:48:41.160668,214079,1860
0:48:41.353473,214270,1861
0:48:48.702015,214461,1862
0:48:48.803340,214652,1863
0:48:48.990988,214843,1864
0:48:49.163890,215034,1865
0:48:56.541354,215225,1866
0:48:56.585007,215416,1867
0:48:56.797569,215607,1868
0:48:56.951869,215798,1869
0:49:04.458423,216038,1870
0:49:04.459147,216180,1871
0:49:04.538945,216371,1872
0:49:04.753700,216562,1873
0:49:12.262065,216753,1874
0:49:12.339476,216976,1875
0:49:12.340470,217135,1876
0:49:12.569519,217326,1877
0:49:19.969779,217517,1878
0:49:20.057580,217708,1879
0:49:20.114282,217899,1880
0:49:20.468793,218090,1881
0:49:27.879044,218281,1882
0:49:27.937292,218472,1883
0:49:27.969774,218663,1884
0:49:28.248779,218854,1885
0:49:35.805747,219105,1886
0:49:35.806668,219236,1887
0:49:35.845282,219427,1888
0:49:36.117052,219618,1889
0:49:43.638425,219809,1890
0:49:43.687318,220000,1891
0:49:43.729691,220191,1892
0:49:43.937710,220382,1893
0:49:51.419409,220573,1894
0:49:51.447910,220764,1895
0:49:51.602658,220955,1896
0:49:51.754943,221146,1897
0:49:59.194511,221337,1898
0:49:59.340298,221569,1899
0:49:59.341344,221719,1900
0:49:59.566415,221910,1901
0:50:06.997010,222101,1902
0:50:07.132368,222483,1904
0:50:07.132388,222483,1904
0:50:07.321766,222674,1905
0:50:14.845207,222865,1906
0:50:14.959052,223088,1907
0:50:14.960166,223247,1908
0:50:15.074153,223438,1909
0:50:22.856282,223629,1910
0:50:22.914672,223820,1911
0:50:23.157243,224202,1913
0:50:23.157693,224202,1913
0:50:30.767547,224393,1914
0:50:30.863110,224584,1915
0:50:30.945085,224775,1916
0:50:30.990789,224966,1917
0:50:38.577799,225157,1918
0:50:38.695411,225348,1919
0:50:38.738484,225539,1920
0:50:38.877651,225730,1921
0:50:46.375489,225921,1922
0:50:46.476443,226112,1923
0:50:46.579452,226303,1924
0:50:46.637466,226494,1925
0:50:54.326129,226713,1926
0:50:54.326976,226887,1927
0:50:54.327852,227067,1928
0:50:54.513159,227258,1929
0:51:02.040231,227449,1930
0:51:02.203576,227705,1931
0:51:02.204291,227830,1932
0:51:02.452177,228021,1933
0:51:08.769767,228068,1934
0:51:08.905340,228115,1935
0:51:09.232734,228192,1936
0:51:09.277514,228260,1937
0:51:15.510412,228307,1938
0:51:15.594914,228375,1939
0:51:16.016591,228421,1940
0:51:16.211596,228509,1941
0:51:22.199684,228577,1942
0:51:22.278497,228630,1943
0:51:22.671093,228698,1944
0:51:22.921503,228744,1945
0:51:29.262775,228862,1946
0:51:29.263957,228910,1947
0:51:29.410166,228978,1948
0:51:30.521888,229148,1949
0:51:36.897736,229490,1951
0:51:36.897752,229490,1951
0:51:37.072267,229661,1952
0:51:38.034114,229832,1953
0:51:44.597023,230030,1954
0:51:44.598006,230174,1955
0:51:44.753449,230345,1956
0:51:45.598133,230516,1957
0:51:52.089458,230687,1958
0:51:52.135712,230858,1959
0:51:52.312799,231029,1960
0:51:53.057374,231200,1961
0:51:59.660485,231371,1962
0:51:59.696291,231542,1963
0:51:59.824271,231713,1964
0:52:00.616139,231884,1965
0:52:07.314498,232055,1966
0:52:07.358025,232226,1967
0:52:07.496832,232397,1968
0:52:08.085040,232568,1969
0:52:14.864557,232739,1970
0:52:14.935207,232910,1971
0:52:15.086885,233081,1972
0:52:15.820482,233252,1973
0:52:22.672103,233423,1974
0:52:22.851664,233594,1975
0:52:23.703003,233765,1976
0:52:24.726456,233936,1977
0:52:30.243538,234107,1978
0:52:30.451073,234278,1979
0:52:31.329501,234449,1980
0:52:32.308571,234620,1981
0:52:37.816503,234791,1982
0:52:38.002920,234962,1983
0:52:38.838158,235133,1984
0:52:40.313850,235330,1985
0:52:45.587044,235528,1986
0:52:45.764461,235726,1987
0:52:46.587222,235924,1988
0:52:48.137884,236122,1989
0:52:53.455460,236320,1990
0:52:53.560893,236518,1991
0:52:54.438088,236716,1992
0:52:55.921367,236914,1993
0:53:01.198609,237112,1994
0:53:01.428807,237310,1995
0:53:02.360970,237508,1996
0:53:03.829368,237706,1997
0:53:08.908989,237904,1998
0:53:09.269678,238102,1999
0:53:10.273907,238300,2000
0:53:11.635324,238498,2001
0:53:17.077911,238696,2002
0:53:17.568122,238894,2003
0:53:18.597908,239092,2004
0:53:20.078065,239290,2005
0:53:24.927744,239488,2006
0:53:25.668883,239686,2007
0:53:26.883940,239884,2008
0:53:28.439557,240082,2009
0:53:32.828258,240280,2010
0:53:33.549437,240478,2011
0:53:34.647460,240676,2012
0:53:36.349759,240874,2013
0:53:40.661720,241072,2014
0:53:41.362907,241270,2015
0:53:42.393104,241468,2016
0:53:44.237627,241666,2017
0:53:48.474929,241864,2018
0:53:49.224225,242062,2019
0:53:50.141691,242260,2020
0:53:52.084525,242458,2021
0:53:56.445468,242656,2022
0:53:57.061422,242854,2023
0:53:57.965191,243052,2024
0:53:59.841350,243250,2025
0:54:04.218055,243448,2026
0:54:04.974729,243646,2027
0:54:05.968148,243844,2028
0:54:07.796502,244042,2029
0:54:12.219293,244240,2030
0:54:12.821178,244438,2031
0:54:13.912477,244636,2032
0:54:15.696650,244834,2033
0:54:20.131439,245032,2034
0:54:20.921886,245230,2035
0:54:21.880587,245428,2036
0:54:24.012112,245626,2037
0:54:27.895106,245824,2038
0:54:28.655477,246022,2039
0:54:29.726192,246220,2040
0:54:31.950533,246418,2041
0:54:35.631837,246616,2042
0:54:36.475767,246814,2043
0:54:37.511359,247012,2044
0:54:39.742502,247210,2045
0:54:43.436462,247408,2046
0:54:44.266500,247606,2047
0:54:45.410666,247804,2048
0:54:47.563123,248002,2049
0:54:51.356448,248200,2050
0:54:52.933383,248489,2051
0:54:53.812512,248779,2052
0:54:55.867589,249069,2053
0:54:59.788335,249359,2054
0:55:01.347677,249649,2055
0:55:02.121508,249939,2056
0:55:04.253925,250229,2057
0:55:08.228730,250519,2058
0:55:09.618480,250809,2059
0:55:10.632669,251099,2060
0:55:12.606733,251389,2061
0:55:16.765247,251679,2062
0:55:18.028786,251969,2063
0:55:19.187890,252259,2064
0:55:21.025450,252549,2065
0:55:25.293098,252839,2066
0:55:26.484771,253129,2067
0:55:27.638376,253419,2068
0:55:29.415907,253709,2069
0:55:33.823314,253999,2070
0:55:34.936331,254289,2071
0:55:36.087611,254579,2072
0:55:37.673408,254869,2073
0:55:42.207225,255159,2074
0:55:43.420596,255449,2075
0:55:44.540247,255739,2076
0:55:46.266120,256029,2077
0:55:50.669539,256319,2078
0:55:51.947909,256609,2079
0:55:52.982002,256899,2080
0:55:54.669225,257189,2081
0:55:59.073032,257479,2082
0:56:00.309695,257769,2083
0:56:01.412947,258059,2084
0:56:03.309228,258349,2085
0:56:07.464279,258639,2086
0:56:08.856360,258929,2087
0:56:09.801161,259219,2088
0:56:12.044941,259509,2089
0:56:15.904341,259799,2090
0:56:17.404074,260089,2091
0:56:18.268153,260379,2092
0:56:20.591639,260669,2093
0:56:25.069562,260959,2094
0:56:27.024412,261249,2095
0:56:27.583237,261539,2096
0:56:28.971200,261829,2097
0:56:33.666861,262119,2098
0:56:35.703765,262409,2099
0:56:36.380371,262699,2100
0:56:37.734417,262989,2101
0:56:42.087931,263279,2102
0:56:44.277924,263569,2103
0:56:44.851359,263859,2104
0:56:46.174837,264149,2105
0:56:50.993291,264439,2106
0:56:53.424842,264729,2107
0:56:54.406448,265019,2108
0:56:55.506505,265309,2109
0:57:00.447330,265599,2110
0:57:02.373780,265889,2111
0:57:03.484556,266179,2112
0:57:08.756179,266469,2113
0:57:08.897025,266759,2114
0:57:10.762680,267049,2115
0:57:12.091939,267339,2116
0:57:17.301540,267629,2117
0:57:17.518531,267919,2118
0:57:19.237729,268209,2119
0:57:20.872305,268499,2120
0:57:25.727197,268789,2121
0:57:25.834301,269079,2122
0:57:27.510778,269369,2123
0:57:29.297258,269659,2124
0:57:34.143944,269949,2125
0:57:34.256942,270239,2126
0:57:35.971512,270529,2127
0:57:38.030497,270819,2128
0:57:42.480751,271109,2129
0:57:42.531844,271399,2130
0:57:44.390215,271689,2131
0:57:46.410665,271979,2132
0:57:50.852308,272269,2133
0:57:51.023529,272559,2134
0:57:53.003428,272849,2135
0:57:54.759430,273139,2136
0:57:59.288641,273429,2137
0:57:59.694682,273719,2138
0:58:01.418690,274009,2139
0:58:03.066990,274299,2140
0:58:07.649329,274589,2141
0:58:08.132054,274879,2142
0:58:09.794519,275169,2143
0:58:11.292617,275459,2144
0:58:16.022792,275749,2145
0:58:16.609017,276039,2146
0:58:18.188181,276329,2147
0:58:19.607775,276619,2148
0:59:18.692532,276908,2149
0:59:21.707232,277198,2150
0:59:26.296809,277365,2151
0:59:30.575111,277532,2152
0:59:30.989399,277699,2153
0:59:34.228151,277866,2154
0:59:38.092696,278033,2155
0:59:38.597864,278200,2156
0:59:42.106845,278367,2157
0:59:45.660051,278534,2158
0:59:46.121044,278701,2159
0:59:49.620019,278868,2160
0:59:53.231305,279035,2161
0:59:53.678905,279202,2162
0:59:57.220127,279369,2163
